num_components,giant_com_ratio,modularity,degree_centrality_std,cp_pvalue
1.0,-0.4549003162554312,0.1897358261239404,-0.39839541543166074,-0.1279276013595813
-0.4549003162554312,1.0,-0.47724775652298196,-0.12912731588475534,-0.23304966546213712
0.1897358261239404,-0.47724775652298196,1.0,0.0061399857355357735,0.30464595369007097
-0.39839541543166074,-0.12912731588475534,0.0061399857355357735,1.0,0.18819206803658595
-0.1279276013595813,-0.23304966546213712,0.30464595369007097,0.18819206803658595,1.0
