num_components,giant_com_ratio,modularity,degree_centrality_std,cp_pvalue
1.0,-0.797224816478481,0.1546173560176001,-0.261273632515355,0.018181975660989686
-0.797224816478481,1.0,-0.36006971489341033,0.11286881845948232,-0.16637575917540032
0.1546173560176001,-0.36006971489341033,1.0,-0.20423036430882233,0.34399289957383966
-0.261273632515355,0.11286881845948232,-0.20423036430882233,1.0,0.09507398980356457
0.018181975660989686,-0.16637575917540032,0.34399289957383966,0.09507398980356457,1.0
